step,rep,mode,session,prefix,length,c,n,ttft_p50,ttft_p90,valid,note
full,a,aon,L16384_aon,0,16384,1,4,0.38317066199988403,0.40625215329991987,1,
full,a,aon,L16384_aon,0,16384,2,4,0.4282887099998334,0.6513062158998765,1,
full,a,aon,L16384_aon,0,16384,4,4,0.8997363149999273,1.2437307741998211,1,
full,a,lw,L16384_lw_qp16,0,16384,1,4,0.36131784750000406,0.39016022799992245,1,
full,a,lw,L16384_lw_qp16,0,16384,2,4,0.6886512619998939,0.7125261734999639,1,
full,a,lw,L16384_lw_qp16,0,16384,4,4,1.3771911640001235,1.3879362683999716,1,
full,a,aon,L8192_aon,0,8192,1,4,0.2714925999998741,0.30356918079992284,1,
full,a,aon,L8192_aon,0,8192,2,4,0.32365773599985914,0.5047892336998757,1,
full,a,aon,L8192_aon,0,8192,4,4,0.529891724500203,0.7223861937002767,1,
full,a,lw,L8192_lw_qp16,0,8192,1,4,0.1912530679999236,0.20448512379980457,1,
full,a,lw,L8192_lw_qp16,0,8192,2,4,0.2910113990001264,0.39324480639998,1,
full,a,lw,L8192_lw_qp16,0,8192,4,4,0.5995176965002429,0.7256290381001236,1,
full,b,aon,L16384_aon,0,16384,1,4,0.412021384000127,0.44708406290019415,1,
full,b,aon,L16384_aon,0,16384,2,4,0.4529636615002346,0.6525675070999569,1,
full,b,aon,L16384_aon,0,16384,4,4,0.9042254855003193,1.250067613200099,1,
full,b,lw,L16384_lw_qp16,0,16384,1,4,0.3489356149998457,0.3920002594997641,1,
full,b,lw,L16384_lw_qp16,0,16384,2,4,0.676946315999885,0.7002462834998369,1,
full,b,lw,L16384_lw_qp16,0,16384,4,4,1.371815727500234,1.3852600681003424,1,
full,b,aon,L8192_aon,0,8192,1,4,0.2149260839996714,0.2298834941999303,1,
full,b,aon,L8192_aon,0,8192,2,4,0.2433421669998097,0.36376251270012294,1,
full,b,aon,L8192_aon,0,8192,4,4,0.48105992149976373,0.651471982399471,1,
full,b,lw,L8192_lw_qp16,0,8192,1,4,0.1913841529999445,0.2084968570001365,1,
full,b,lw,L8192_lw_qp16,0,8192,2,4,0.3878742879996935,0.4084507140999449,1,
full,b,lw,L8192_lw_qp16,0,8192,4,4,0.7617713624999851,0.7624140918999729,1,
long,a,aon,L130816_aon,0,130816,1,4,3.0404321080000045,3.046487806899404,1,
long,a,lw,L130816_lw,0,130816,1,4,2.6107635375001337,2.698197445399728,1,
long,a,aon,L32768_aon,0,32768,1,4,0.777257996499884,0.7951944746002482,1,
long,a,lw,L32768_lw,0,32768,1,4,0.6728503734998412,0.7301225308001449,1,
long,a,aon,L65536_aon,0,65536,1,4,1.4978897004998544,1.5265555699998914,1,
long,a,lw,L65536_lw,0,65536,1,4,1.3511677044998578,1.4338113847999012,1,
long,b,aon,L130816_aon,0,130816,1,4,2.8152828089996547,2.864314262899825,1,
long,b,lw,L130816_lw,0,130816,1,4,2.6580740064991915,2.7401948930995785,1,
long,b,aon,L32768_aon,0,32768,1,4,0.7704084665001574,0.7831529719006539,1,
long,b,lw,L32768_lw,0,32768,1,4,0.6507164820000071,0.6931896218001384,1,
long,b,aon,L65536_aon,0,65536,1,4,1.41095971499999,1.4627000369997405,1,
long,b,lw,L65536_lw,0,65536,1,4,1.3195453775006172,1.3485469173998355,1,
part,a,aon,E_aon2,16384,2048,1,4,0.7544077669999751,0.7740599113997177,1,
part,a,aon,E_aon2,16384,8192,1,4,1.8578380564999861,1.8711055432999273,1,
part,a,aon,E_aon2,16384,8192,4,4,4.990237657499847,6.519404789499913,1,
part,a,aon,E_aon2,2048,2048,1,4,0.18433264550003514,0.21674671759997183,1,
part,a,aon,E_aon2,2048,8192,1,4,0.6877407479998965,0.7000548377999621,1,
part,a,aon,E_aon2,2048,8192,4,4,2.2666745379997337,2.586767392099773,1,
part,a,aon,E_aon2,8192,2048,1,4,0.4444552125003156,0.4587415375000091,1,
part,a,aon,E_aon2,8192,8192,1,4,1.2113137540000025,1.2266718738001146,1,
part,a,aon,E_aon2,8192,8192,4,4,2.840607523000017,4.0680175545000115,1,
part,a,lw,E_lw2,16384,2048,1,4,0.40492711150000105,0.440807108999843,1,
part,a,lw,E_lw2,16384,8192,1,4,1.5228364395002245,1.5453114359996107,1,
part,a,lw,E_lw2,16384,8192,4,4,4.720381979000194,6.116160946000127,1,
part,a,lw,E_lw2,2048,2048,1,4,0.14748053500011338,0.17641704509997,1,
part,a,lw,E_lw2,2048,8192,1,4,0.6378370620000169,0.6422345737002161,1,
part,a,lw,E_lw2,2048,8192,4,4,1.9658936680002626,2.594581223399564,1,
part,a,lw,E_lw2,8192,2048,1,4,0.2626693330000762,0.3091025873997296,1,
part,a,lw,E_lw2,8192,8192,1,4,1.0300573669999267,1.0666642117999345,1,
part,a,lw,E_lw2,8192,8192,4,4,3.2377357180002946,3.9481607927999907,1,
part,b,aon,E_aon2,16384,2048,1,4,0.7238718920002611,0.7747493617000145,1,
part,b,aon,E_aon2,16384,8192,1,4,1.8574761625004612,1.8803678633005803,1,
part,b,aon,E_aon2,16384,8192,4,4,4.951286535500003,6.498784568399605,1,
part,b,aon,E_aon2,2048,2048,1,4,0.1796161154998117,0.20012880259992016,1,
part,b,aon,E_aon2,2048,8192,1,4,0.6883439830003226,0.7101417317998312,1,
part,b,aon,E_aon2,2048,8192,4,4,2.283112210499894,2.6003243617004954,1,
part,b,aon,E_aon2,8192,2048,1,4,0.441544443499879,0.45013946699946245,1,
part,b,aon,E_aon2,8192,8192,1,4,1.2028918449996127,1.2167361171997981,1,
part,b,aon,E_aon2,8192,8192,4,4,2.871885011500126,4.097593340200547,1,
part,b,lw,E_lw2,16384,2048,1,4,0.41655059250069826,0.45442885860056775,1,
part,b,lw,E_lw2,16384,8192,1,4,1.5213129720000325,1.5409714245002761,1,
part,b,lw,E_lw2,16384,8192,4,4,4.706547858999784,6.108136801299679,1,
part,b,lw,E_lw2,2048,2048,1,4,0.15184808150024764,0.16788822899998196,1,
part,b,lw,E_lw2,2048,8192,1,4,0.6402429284999016,0.6546225863998189,1,
part,b,lw,E_lw2,2048,8192,4,4,2.2163551895000637,2.5567335896997063,1,
part,b,lw,E_lw2,8192,2048,1,4,0.26473873900022227,0.29673870599972363,1,
part,b,lw,E_lw2,8192,8192,1,4,1.0253362935004589,1.0510649512000783,1,
part,b,lw,E_lw2,8192,8192,4,4,3.5818690199994307,4.106620990699502,1,
