length,concurrency,mode,n,ttft_mean,ttft_p50,ttft_p90,total_mean,total_p50,total_p90,req_s,out_tok_s,hit_tokens,expected_hit_tokens,outcome_mix,valid,note
8192,1,nocache,4,0.3236,0.3226,0.3263,0.9783,0.9776,0.9802,1.0221,130.83,0,0,,1,
8192,2,nocache,4,0.515,0.5108,0.7071,1.3952,1.3915,1.4087,1.4294,182.96,0,0,,1,
8192,4,nocache,4,1.2579,1.4249,1.845,2.6779,2.6797,2.6853,1.4879,190.45,0,0,,1,
8192,8,nocache,8,2.6533,2.5973,4.7381,5.7631,5.7655,5.7811,1.3824,176.94,0,0,,1,
8192,16,nocache,16,5.5028,5.517,9.9569,12.4899,12.4952,12.536,1.275,163.19,0,0,,1,
8192,32,nocache,32,11.6912,11.9969,20.6089,25.3625,25.3773,25.4838,1.254,160.52,0,0,,1,
8192,1,aon,4,0.2184,0.2146,0.23,0.9449,0.9422,0.9549,1.0582,135.45,32764,32764,not_deferred:4,1,
8192,2,aon,4,0.2969,0.2561,0.3962,1.0402,0.9969,1.1406,1.8408,235.62,32764,32764,not_deferred:4,1,
8192,4,aon,4,0.5229,0.5285,0.7236,1.3677,1.3862,1.5579,2.501,320.12,32764,32764,not_deferred:4,1,
8192,8,aon,8,0.8425,0.8452,1.3035,1.817,1.8858,2.2356,3.4623,443.17,65528,65528,not_deferred:8,1,
8192,16,aon,16,1.608,1.621,2.6783,2.6453,2.7029,3.6577,4.2066,538.45,131056,131056,not_deferred:16,1,
8192,32,aon,32,2.6475,2.644,4.5421,3.7274,3.7619,5.6124,5.3655,686.79,262112,262112,not_deferred:32,1,
8192,1,lw,4,1.0328,1.0218,1.076,2.0385,2.0236,2.0967,0.4905,62.79,32764,32764,pipelined:4,1,
8192,2,lw,4,2.0207,2.0209,2.0275,3.0677,3.068,3.0768,0.6519,83.44,32764,32764,pipelined:4,1,
8192,4,lw,4,4.059,4.0565,4.064,5.1036,5.1032,5.1048,0.7835,100.28,32764,32764,pipelined:4,1,
8192,8,lw,8,1.0862,1.0862,1.0862,1.0913,1.0913,1.0913,0.1612,0.0,8191,65528,failed:1 pipelined:6,0,7 request errors (no token streamed); 1 requests not 128 tokens; INVALID: hit tokens 8191 < 95% of 65528
8192,16,lw,,,,,,,,,,,,,0,not run: engine stopped at c=8 (default 5 s wait)
8192,32,lw,,,,,,,,,,,,,0,not run: engine stopped at c=8 (default 5 s wait)
8192,1,lw_wait600,4,1.1074,1.1149,1.1209,2.1754,2.1717,2.2073,0.4597,58.84,32764,32764,pipelined:4,1,
8192,2,lw_wait600,4,2.0984,2.1009,2.146,3.1674,3.1676,3.2119,0.6313,80.81,32764,32764,pipelined:4,1,
8192,4,lw_wait600,4,3.2308,2.9896,3.6654,5.0025,5.0004,5.007,0.7984,102.2,32764,32764,pipelined:4,1,
8192,8,lw_wait600,8,6.9012,7.7422,7.7435,8.814,8.8168,8.8182,0.9071,116.11,65528,65528,pipelined:8,1,
8192,16,lw_wait600,16,14.5438,15.4447,15.4472,16.8224,16.8256,16.8284,0.9504,121.65,131056,131056,pipelined:16,1,
8192,32,lw_wait600,32,29.898,30.8167,30.8709,34.259,34.2634,34.2703,0.9336,119.49,262112,262112,pipelined:32,1,
16384,1,nocache,4,0.8034,0.8007,0.8085,1.4967,1.4947,1.5007,0.6681,85.52,0,0,,1,
16384,2,nocache,4,1.2999,1.2381,1.8098,2.6892,2.6853,2.9481,0.7425,95.04,0,0,,1,
16384,4,nocache,4,3.3043,3.4597,5.1613,6.4474,6.4501,6.4628,0.6184,79.15,0,0,,1,
16384,8,nocache,8,6.9576,6.791,12.3758,14.9559,14.9616,14.9973,0.533,68.22,0,0,,1,
16384,16,nocache,16,14.7539,15.0168,26.2348,33.9982,34.0159,34.1159,0.4686,59.98,0,0,,1,
16384,32,nocache,32,32.2372,33.7129,57.3734,69.5254,69.5796,69.8702,0.4576,58.57,0,0,,1,
16384,1,aon,4,0.399,0.3911,0.4198,1.2495,1.2425,1.2695,0.8003,102.44,65532,65532,not_deferred:4,1,
16384,2,aon,4,0.5237,0.4395,0.6843,1.3994,1.3136,1.56,1.3427,171.87,65532,65532,not_deferred:4,1,
16384,4,aon,4,0.9669,0.9836,1.3658,1.9558,2.0015,2.3291,1.6644,213.04,65532,65532,not_deferred:4,1,
16384,8,aon,8,1.6368,1.6446,2.5305,2.6936,2.7664,3.552,2.1569,276.09,131064,131064,not_deferred:8,1,
16384,16,aon,16,2.8793,2.8917,4.8119,3.9735,4.0199,5.8981,2.5726,329.29,262128,262128,not_deferred:16,1,
16384,32,aon,32,5.4464,5.5316,9.3379,6.5678,6.6776,10.4813,2.8313,362.4,524256,524256,not_deferred:32,1,
16384,1,lw,4,2.0054,1.9923,2.0472,3.0567,3.0546,3.0855,0.3271,41.87,65532,65532,pipelined:4,1,
16384,2,lw,4,3.9194,3.9219,3.9335,4.9217,4.9221,4.9268,0.4063,52.01,65532,65532,pipelined:4,1,
16384,4,lw,4,6.3513,7.7983,7.7993,8.895,8.8986,8.8995,0.4494,57.52,65532,65532,pipelined:4,1,
16384,8,lw,8,2.0078,2.0078,2.0078,2.0079,2.0079,2.0079,0.1402,0.0,0,131064,failed:1 pipelined:3,0,7 request errors (no token streamed); 1 requests not 128 tokens; INVALID: hit tokens 0 < 95% of 131064
16384,16,lw,16,1.9798,1.9798,1.9798,1.9881,1.9881,1.9881,0.1363,0.0,16383,262128,failed:1 pipelined:3,0,15 request errors (no token streamed); 1 requests not 128 tokens; INVALID: hit tokens 16383 < 95% of 262128
16384,32,lw,32,2.0264,2.0264,2.0264,2.0649,2.0649,2.0649,0.1284,0.0,16383,524256,failed:1 pipelined:3,0,31 request errors (no token streamed); 1 requests not 128 tokens; INVALID: hit tokens 16383 < 95% of 524256
16384,1,lw_wait600,4,2.0221,2.0287,2.052,3.0428,3.0349,3.0897,0.3286,42.07,65532,65532,pipelined:4,1,
16384,2,lw_wait600,4,2.969,2.9645,3.9571,4.9925,4.9905,4.9981,0.4004,51.25,65532,65532,pipelined:4,1,
16384,4,lw_wait600,4,7.9653,7.9653,7.9662,9.043,9.0431,9.044,0.4423,56.61,65532,65532,pipelined:4,1,
16384,8,lw_wait600,8,12.144,15.8136,15.8189,17.2104,17.216,17.2213,0.4645,59.45,131064,131064,pipelined:8,1,
16384,16,lw_wait600,16,29.7083,31.5442,31.5853,33.5771,33.5824,33.5851,0.4763,60.97,262128,262128,pipelined:16,1,
16384,32,lw_wait600,32,61.3531,63.2846,63.299,69.3404,69.3562,69.3717,0.4612,59.04,524256,524256,pipelined:32,1,
32768,1,nocache,4,2.2471,2.2465,2.2501,3.0091,3.0079,3.0114,0.3323,42.54,0,0,,1,
32768,2,nocache,4,4.3819,4.7441,5.7166,7.0893,7.095,7.6596,0.2819,36.08,0,0,,1,
32768,4,nocache,4,8.9316,8.772,14.4494,17.1161,17.1212,17.1509,0.2331,29.83,0,0,,1,
32768,8,nocache,8,19.0469,18.5832,33.7478,41.6269,41.645,41.7352,0.1916,24.52,0,0,,1,
32768,16,nocache,16,41.4055,42.6977,72.6273,97.2203,97.2851,97.5572,0.1639,20.98,0,0,,1,
32768,32,nocache,32,92.4261,97.8131,165.493,198.8626,199.0704,199.942,0.1599,20.47,0,0,,1,
32768,1,aon,4,0.7506,0.7479,0.7658,1.858,1.8565,1.87,0.5382,68.89,131068,131068,not_deferred:4,1,
32768,2,aon,4,0.8982,0.7615,1.1841,2.0342,1.8932,2.3231,0.9162,117.27,131068,131068,not_deferred:4,1,
32768,4,aon,4,1.7375,1.7656,2.4206,2.9464,2.9894,3.5985,1.0688,136.8,131068,131068,not_deferred:4,1,
32768,8,aon,8,2.8495,2.86,4.4866,4.0858,4.1289,5.7126,1.3283,170.03,262136,262136,not_deferred:8,1,
32768,16,aon,16,5.6682,5.732,9.4101,6.9181,6.9662,10.719,1.4052,179.86,524272,524272,not_deferred:16,1,
32768,32,aon,32,10.118,10.1,17.3652,11.3903,11.4461,18.6548,1.5756,201.67,1048544,1048544,not_deferred:32,1,
65536,1,nocache,4,7.1147,7.114,7.1221,8.0259,8.031,8.0382,0.1246,15.95,0,0,,1,
65536,2,nocache,4,13.558,14.334,18.0839,21.3858,21.3719,23.9546,0.0935,11.96,0,0,,1,
65536,4,nocache,4,27.6142,26.0335,45.5061,52.8199,52.8336,52.9105,0.0756,9.67,0,0,,1,
65536,8,nocache,8,59.0295,57.7417,103.6101,131.2897,131.3425,131.6029,0.0608,7.78,0,0,,1,
65536,16,nocache,16,130.0356,135.6548,224.9389,309.9491,310.1984,311.025,0.0514,6.58,0,0,,1,
65536,32,nocache,32,279.9341,321.378,484.43,477.658,523.5293,529.8273,0.0604,7.73,0,0,,1,
65536,1,aon,4,1.519,1.5063,1.5756,3.1127,3.103,3.1638,0.3213,41.12,262140,262140,not_deferred:4,1,
65536,2,aon,4,1.6943,1.4235,2.2636,3.3501,3.0877,3.9188,0.5534,70.84,262140,262140,not_deferred:4,1,
65536,4,aon,4,3.2788,3.3176,4.5738,4.9797,5.0579,6.2484,0.6119,78.33,262140,262140,not_deferred:4,1,
65536,8,aon,8,5.3574,5.3538,8.4104,7.0841,7.1031,10.1133,0.7417,94.93,524280,524280,not_deferred:8,1,
65536,16,aon,16,10.9253,11.176,18.0869,12.6767,12.9367,19.8327,0.7467,95.57,1048560,1048560,not_deferred:16,1,
65536,32,aon,32,18.2977,18.4842,31.4832,20.0143,20.2123,33.2107,0.8813,112.8,2097120,2097120,not_deferred:32,1,
130816,1,nocache,4,25.2698,25.2763,25.2812,26.4541,26.4575,26.4745,0.0378,4.84,0,0,,1,
130816,2,nocache,4,47.0231,45.6889,64.899,74.6602,75.5604,87.9424,0.0264,3.38,0,0,,1,
130816,4,nocache,4,93.855,84.433,155.7457,181.3054,181.3381,181.5716,0.022,2.82,0,0,,1,
130816,8,nocache,8,193.3426,188.1051,333.4709,443.5838,443.7976,444.5648,0.018,2.3,0,0,,1,
130816,16,nocache,16,406.9572,448.7473,709.8114,690.52,766.224,778.4985,0.0205,2.63,0,0,,1,
130816,32,nocache,32,777.5467,797.5699,1340.6764,1084.5538,1128.9427,1478.9999,0.0216,2.77,0,0,,1,
130816,1,aon,4,2.7097,2.7107,2.7517,5.2773,5.2745,5.3259,0.1893,24.23,523260,523260,not_deferred:4,1,
130816,2,aon,4,3.6612,3.1099,4.7671,6.3155,5.7538,7.4336,0.289,36.99,523260,523260,not_deferred:4,1,
130816,4,aon,4,6.2024,6.2288,8.8554,8.8664,8.9196,11.5013,0.3294,42.16,523260,523260,not_deferred:4,1,
130816,8,aon,8,10.5243,10.6197,16.5137,13.1915,13.3125,19.1495,0.3882,49.69,1046520,1046520,not_deferred:8,1,
130816,16,aon,16,19.0588,19.1011,31.9536,21.7353,21.7606,34.653,0.4235,54.21,2093040,2093040,not_deferred:16,1,
130816,32,aon,32,37.4484,37.6786,64.6026,40.1617,40.3874,67.3223,0.4326,55.37,4186080,4186080,not_deferred:32,1,
